{"dim1": [1440, 810], "dim2": [1440, 810], "dim3": [1440, 810], "K": [[508.0670256490241, 0.0, 662.7945337637245], [0.0, 508.2912974687228, 250.5103349698884], [0.0, 0.0, 1.0]], "D": [[0.5094230206580155], [0.7364656236135664], [-1.748579530444233], [0.9309381761414279]], "new_K": [[458.29172001627614, 0.0, 658.5686030490074], [0.0, 458.4940199350114, 259.27019979847665], [0.0, 0.0, 1.0]], "scaled_K": [[508.0670256490241, 0.0, 662.7945337637245], [0.0, 508.29129746872275, 250.51033496988836], [0.0, 0.0, 1.0]], "balance": 1}